# Copyright (C) 1991-2013 Altera Corporation
# Your use of Altera Corporation's design tools, logic functions 
# and other software and tools, and its AMPP partner logic 
# functions, and any output files from any of the foregoing 
# (including device programming or simulation files), and any 
# associated documentation or information are expressly subject 
# to the terms and conditions of the Altera Program License 
# Subscription Agreement, Altera MegaCore Function License 
# Agreement, or other applicable license agreement, including, 
# without limitation, that your use is for the sole purpose of 
# programming logic devices manufactured by Altera and sold by 
# Altera or its authorized distributors.  Please refer to the 
# applicable agreement for further details.

# Quartus II 64-Bit Version 13.0.1 Build 232 06/12/2013 Service Pack 1 SJ Web Edition
# File: C:\Semicon\PSF_TX.csv
# Generated on: Fri Nov 22 21:30:16 2024

# Note: The column header names should not be changed if you wish to import this .csv file into the Quartus II software.

To,Direction,Location,I/O Bank,VREF Group,Fitter Location,I/O Standard,Reserved,Current Strength,Slew Rate,Differential Pair
CLOCK_50,Input,PIN_Y2,2,B2_N0,PIN_Y2,3.3-V LVTTL,,,,
Filter_output[13],Output,PIN_K22,6,B6_N0,PIN_K22,3.3-V LVTTL,,,,
Filter_output[12],Output,PIN_K21,6,B6_N0,PIN_K21,3.3-V LVTTL,,,,
Filter_output[11],Output,PIN_M28,6,B6_N2,PIN_M28,3.3-V LVTTL,,,,
Filter_output[10],Output,PIN_M27,6,B6_N2,PIN_M27,3.3-V LVTTL,,,,
Filter_output[9],Output,PIN_K28,6,B6_N1,PIN_K28,3.3-V LVTTL,,,,
Filter_output[8],Output,PIN_K27,6,B6_N1,PIN_K27,3.3-V LVTTL,,,,
Filter_output[7],Output,PIN_G28,6,B6_N1,PIN_G28,3.3-V LVTTL,,,,
Filter_output[6],Output,PIN_G27,6,B6_N1,PIN_G27,3.3-V LVTTL,,,,
Filter_output[5],Output,PIN_F28,6,B6_N1,PIN_F28,3.3-V LVTTL,,,,
Filter_output[4],Output,PIN_F27,6,B6_N1,PIN_F27,3.3-V LVTTL,,,,
Filter_output[3],Output,PIN_E28,6,B6_N1,PIN_E28,3.3-V LVTTL,,,,
Filter_output[2],Output,PIN_E27,6,B6_N1,PIN_E27,3.3-V LVTTL,,,,
Filter_output[1],Output,PIN_D28,6,B6_N0,PIN_D28,3.3-V LVTTL,,,,
Filter_output[0],Output,PIN_D27,6,B6_N0,PIN_D27,3.3-V LVTTL,,,,
KEY,Input,PIN_R24,5,B5_N0,PIN_R24,,,,,
MODE,Output,PIN_H24,6,B6_N0,PIN_H24,3.3-V LVTTL,,,,
PLL_CLK,Output,PIN_G24,6,B6_N0,PIN_G24,3.3-V LVTTL,,,,
SWITCH,Input,PIN_AB28,5,B5_N1,PIN_AB28,,,,,
WRITE,Output,PIN_H23,6,B6_N0,PIN_H23,3.3-V LVTTL,,,,
AUD_ADCDAT,Unknown,,,,,3.3-V LVTTL,,,,
AUD_ADCLRCK,Unknown,,,,,3.3-V LVTTL,,,,
AUD_BCLK,Unknown,,,,,3.3-V LVTTL,,,,
AUD_DACDAT,Unknown,,,,,3.3-V LVTTL,,,,
AUD_DACLRCK,Unknown,,,,,3.3-V LVTTL,,,,
AUD_XCK,Unknown,,,,,3.3-V LVTTL,,,,
CLOCK2_50,Unknown,,,,,3.3-V LVTTL,,,,
CLOCK3_50,Unknown,,,,,3.3-V LVTTL,,,,
DRAM_ADDR[12],Unknown,,,,,3.3-V LVTTL,,,,
DRAM_ADDR[11],Unknown,,,,,3.3-V LVTTL,,,,
DRAM_ADDR[10],Unknown,,,,,3.3-V LVTTL,,,,
DRAM_ADDR[9],Unknown,,,,,3.3-V LVTTL,,,,
DRAM_ADDR[8],Unknown,,,,,3.3-V LVTTL,,,,
DRAM_ADDR[7],Unknown,,,,,3.3-V LVTTL,,,,
DRAM_ADDR[6],Unknown,,,,,3.3-V LVTTL,,,,
DRAM_ADDR[5],Unknown,,,,,3.3-V LVTTL,,,,
DRAM_ADDR[4],Unknown,,,,,3.3-V LVTTL,,,,
DRAM_ADDR[3],Unknown,,,,,3.3-V LVTTL,,,,
DRAM_ADDR[2],Unknown,,,,,3.3-V LVTTL,,,,
DRAM_ADDR[1],Unknown,,,,,3.3-V LVTTL,,,,
DRAM_ADDR[0],Unknown,,,,,3.3-V LVTTL,,,,
DRAM_BA[1],Unknown,,,,,3.3-V LVTTL,,,,
DRAM_BA[0],Unknown,,,,,3.3-V LVTTL,,,,
DRAM_CAS_N,Unknown,,,,,3.3-V LVTTL,,,,
DRAM_CKE,Unknown,,,,,3.3-V LVTTL,,,,
DRAM_CLK,Unknown,,,,,3.3-V LVTTL,,,,
DRAM_CS_N,Unknown,,,,,3.3-V LVTTL,,,,
DRAM_DQ[31],Unknown,,,,,3.3-V LVTTL,,,,
DRAM_DQ[30],Unknown,,,,,3.3-V LVTTL,,,,
DRAM_DQ[29],Unknown,,,,,3.3-V LVTTL,,,,
DRAM_DQ[28],Unknown,,,,,3.3-V LVTTL,,,,
DRAM_DQ[27],Unknown,,,,,3.3-V LVTTL,,,,
DRAM_DQ[26],Unknown,,,,,3.3-V LVTTL,,,,
DRAM_DQ[25],Unknown,,,,,3.3-V LVTTL,,,,
DRAM_DQ[24],Unknown,,,,,3.3-V LVTTL,,,,
DRAM_DQ[23],Unknown,,,,,3.3-V LVTTL,,,,
DRAM_DQ[22],Unknown,,,,,3.3-V LVTTL,,,,
DRAM_DQ[21],Unknown,,,,,3.3-V LVTTL,,,,
DRAM_DQ[20],Unknown,,,,,3.3-V LVTTL,,,,
DRAM_DQ[19],Unknown,,,,,3.3-V LVTTL,,,,
DRAM_DQ[18],Unknown,,,,,3.3-V LVTTL,,,,
DRAM_DQ[17],Unknown,,,,,3.3-V LVTTL,,,,
DRAM_DQ[16],Unknown,,,,,3.3-V LVTTL,,,,
DRAM_DQ[15],Unknown,,,,,3.3-V LVTTL,,,,
DRAM_DQ[14],Unknown,,,,,3.3-V LVTTL,,,,
DRAM_DQ[13],Unknown,,,,,3.3-V LVTTL,,,,
DRAM_DQ[12],Unknown,,,,,3.3-V LVTTL,,,,
DRAM_DQ[11],Unknown,,,,,3.3-V LVTTL,,,,
DRAM_DQ[10],Unknown,,,,,3.3-V LVTTL,,,,
DRAM_DQ[9],Unknown,,,,,3.3-V LVTTL,,,,
DRAM_DQ[8],Unknown,,,,,3.3-V LVTTL,,,,
DRAM_DQ[7],Unknown,,,,,3.3-V LVTTL,,,,
DRAM_DQ[6],Unknown,,,,,3.3-V LVTTL,,,,
DRAM_DQ[5],Unknown,,,,,3.3-V LVTTL,,,,
DRAM_DQ[4],Unknown,,,,,3.3-V LVTTL,,,,
DRAM_DQ[3],Unknown,,,,,3.3-V LVTTL,,,,
DRAM_DQ[2],Unknown,,,,,3.3-V LVTTL,,,,
DRAM_DQ[1],Unknown,,,,,3.3-V LVTTL,,,,
DRAM_DQ[0],Unknown,,,,,3.3-V LVTTL,,,,
DRAM_DQM[3],Unknown,,,,,3.3-V LVTTL,,,,
DRAM_DQM[2],Unknown,,,,,3.3-V LVTTL,,,,
DRAM_DQM[1],Unknown,,,,,3.3-V LVTTL,,,,
DRAM_DQM[0],Unknown,,,,,3.3-V LVTTL,,,,
DRAM_RAS_N,Unknown,,,,,3.3-V LVTTL,,,,
DRAM_WE_N,Unknown,,,,,3.3-V LVTTL,,,,
EEP_I2C_SCLK,Unknown,,,,,3.3-V LVTTL,,,,
EEP_I2C_SDAT,Unknown,,,,,3.3-V LVTTL,,,,
ENET0_GTX_CLK,Unknown,,,,,2.5 V,,,,
ENET0_INT_N,Unknown,,,,,2.5 V,,,,
ENET0_LINK100,Unknown,,,,,3.3-V LVTTL,,,,
ENET0_MDC,Unknown,,,,,2.5 V,,,,
ENET0_MDIO,Unknown,,,,,2.5 V,,,,
ENET0_RST_N,Unknown,,,,,2.5 V,,,,
ENET0_RX_CLK,Unknown,,,,,2.5 V,,,,
ENET0_RX_COL,Unknown,,,,,2.5 V,,,,
ENET0_RX_CRS,Unknown,,,,,2.5 V,,,,
ENET0_RX_DATA[3],Unknown,,,,,2.5 V,,,,
ENET0_RX_DATA[2],Unknown,,,,,2.5 V,,,,
ENET0_RX_DATA[1],Unknown,,,,,2.5 V,,,,
ENET0_RX_DATA[0],Unknown,,,,,2.5 V,,,,
ENET0_RX_DV,Unknown,,,,,2.5 V,,,,
ENET0_RX_ER,Unknown,,,,,2.5 V,,,,
ENET0_TX_CLK,Unknown,,,,,2.5 V,,,,
ENET0_TX_DATA[3],Unknown,,,,,2.5 V,,,,
ENET0_TX_DATA[2],Unknown,,,,,2.5 V,,,,
ENET0_TX_DATA[1],Unknown,,,,,2.5 V,,,,
ENET0_TX_DATA[0],Unknown,,,,,2.5 V,,,,
ENET0_TX_EN,Unknown,,,,,2.5 V,,,,
ENET0_TX_ER,Unknown,,,,,2.5 V,,,,
ENET1_GTX_CLK,Unknown,,,,,2.5 V,,,,
ENET1_INT_N,Unknown,,,,,2.5 V,,,,
ENET1_LINK100,Unknown,,,,,3.3-V LVTTL,,,,
ENET1_MDC,Unknown,,,,,2.5 V,,,,
ENET1_MDIO,Unknown,,,,,2.5 V,,,,
ENET1_RST_N,Unknown,,,,,2.5 V,,,,
ENET1_RX_CLK,Unknown,,,,,2.5 V,,,,
ENET1_RX_COL,Unknown,,,,,2.5 V,,,,
ENET1_RX_CRS,Unknown,,,,,2.5 V,,,,
ENET1_RX_DATA[3],Unknown,,,,,2.5 V,,,,
ENET1_RX_DATA[2],Unknown,,,,,2.5 V,,,,
ENET1_RX_DATA[1],Unknown,,,,,2.5 V,,,,
ENET1_RX_DATA[0],Unknown,,,,,2.5 V,,,,
ENET1_RX_DV,Unknown,,,,,2.5 V,,,,
ENET1_RX_ER,Unknown,,,,,2.5 V,,,,
ENET1_TX_CLK,Unknown,,,,,2.5 V,,,,
ENET1_TX_DATA[3],Unknown,,,,,2.5 V,,,,
ENET1_TX_DATA[2],Unknown,,,,,2.5 V,,,,
ENET1_TX_DATA[1],Unknown,,,,,2.5 V,,,,
ENET1_TX_DATA[0],Unknown,,,,,2.5 V,,,,
ENET1_TX_EN,Unknown,,,,,2.5 V,,,,
ENET1_TX_ER,Unknown,,,,,2.5 V,,,,
ENETCLK_25,Unknown,,,,,3.3-V LVTTL,,,,
EX_IO[6],Unknown,,,,,3.3-V LVTTL,,,,
EX_IO[5],Unknown,,,,,3.3-V LVTTL,,,,
EX_IO[4],Unknown,,,,,3.3-V LVTTL,,,,
EX_IO[3],Unknown,,,,,3.3-V LVTTL,,,,
EX_IO[2],Unknown,,,,,3.3-V LVTTL,,,,
EX_IO[1],Unknown,,,,,3.3-V LVTTL,,,,
EX_IO[0],Unknown,,,,,3.3-V LVTTL,,,,
FL_ADDR[22],Unknown,,,,,3.3-V LVTTL,,,,
FL_ADDR[21],Unknown,,,,,3.3-V LVTTL,,,,
FL_ADDR[20],Unknown,,,,,3.3-V LVTTL,,,,
FL_ADDR[19],Unknown,,,,,3.3-V LVTTL,,,,
FL_ADDR[18],Unknown,,,,,3.3-V LVTTL,,,,
FL_ADDR[17],Unknown,,,,,3.3-V LVTTL,,,,
FL_ADDR[16],Unknown,,,,,3.3-V LVTTL,,,,
FL_ADDR[15],Unknown,,,,,3.3-V LVTTL,,,,
FL_ADDR[14],Unknown,,,,,3.3-V LVTTL,,,,
FL_ADDR[13],Unknown,,,,,3.3-V LVTTL,,,,
FL_ADDR[12],Unknown,,,,,3.3-V LVTTL,,,,
FL_ADDR[11],Unknown,,,,,3.3-V LVTTL,,,,
FL_ADDR[10],Unknown,,,,,3.3-V LVTTL,,,,
FL_ADDR[9],Unknown,,,,,3.3-V LVTTL,,,,
FL_ADDR[8],Unknown,,,,,3.3-V LVTTL,,,,
FL_ADDR[7],Unknown,,,,,3.3-V LVTTL,,,,
FL_ADDR[6],Unknown,,,,,3.3-V LVTTL,,,,
FL_ADDR[5],Unknown,,,,,3.3-V LVTTL,,,,
FL_ADDR[4],Unknown,,,,,3.3-V LVTTL,,,,
FL_ADDR[3],Unknown,,,,,3.3-V LVTTL,,,,
FL_ADDR[2],Unknown,,,,,3.3-V LVTTL,,,,
FL_ADDR[1],Unknown,,,,,3.3-V LVTTL,,,,
FL_ADDR[0],Unknown,,,,,3.3-V LVTTL,,,,
FL_CE_N,Unknown,,,,,3.3-V LVTTL,,,,
FL_DQ[7],Unknown,,,,,3.3-V LVTTL,,,,
FL_DQ[6],Unknown,,,,,3.3-V LVTTL,,,,
FL_DQ[5],Unknown,,,,,3.3-V LVTTL,,,,
FL_DQ[4],Unknown,,,,,3.3-V LVTTL,,,,
FL_DQ[3],Unknown,,,,,3.3-V LVTTL,,,,
FL_DQ[2],Unknown,,,,,3.3-V LVTTL,,,,
FL_DQ[1],Unknown,,,,,3.3-V LVTTL,,,,
FL_DQ[0],Unknown,,,,,3.3-V LVTTL,,,,
FL_OE_N,Unknown,,,,,3.3-V LVTTL,,,,
FL_RST_N,Unknown,,,,,3.3-V LVTTL,,,,
FL_RY,Unknown,,,,,3.3-V LVTTL,,,,
FL_WE_N,Unknown,,,,,3.3-V LVTTL,,,,
FL_WP_N,Unknown,,,,,3.3-V LVTTL,,,,
GPIO[35],Unknown,,,,,3.3-V LVTTL,,,,
GPIO[34],Unknown,,,,,3.3-V LVTTL,,,,
GPIO[33],Unknown,,,,,3.3-V LVTTL,,,,
GPIO[32],Unknown,,,,,3.3-V LVTTL,,,,
GPIO[31],Unknown,,,,,3.3-V LVTTL,,,,
GPIO[30],Unknown,,,,,3.3-V LVTTL,,,,
GPIO[29],Unknown,,,,,3.3-V LVTTL,,,,
GPIO[28],Unknown,,,,,3.3-V LVTTL,,,,
GPIO[27],Unknown,,,,,3.3-V LVTTL,,,,
GPIO[26],Unknown,,,,,3.3-V LVTTL,,,,
GPIO[25],Unknown,,,,,3.3-V LVTTL,,,,
GPIO[24],Unknown,,,,,3.3-V LVTTL,,,,
GPIO[23],Unknown,,,,,3.3-V LVTTL,,,,
GPIO[22],Unknown,,,,,3.3-V LVTTL,,,,
GPIO[21],Unknown,,,,,3.3-V LVTTL,,,,
GPIO[20],Unknown,,,,,3.3-V LVTTL,,,,
GPIO[19],Unknown,,,,,3.3-V LVTTL,,,,
GPIO[18],Unknown,,,,,3.3-V LVTTL,,,,
GPIO[17],Unknown,,,,,3.3-V LVTTL,,,,
GPIO[16],Unknown,,,,,3.3-V LVTTL,,,,
GPIO[15],Unknown,,,,,3.3-V LVTTL,,,,
GPIO[14],Unknown,,,,,3.3-V LVTTL,,,,
GPIO[13],Unknown,,,,,3.3-V LVTTL,,,,
GPIO[12],Unknown,,,,,3.3-V LVTTL,,,,
GPIO[11],Unknown,,,,,3.3-V LVTTL,,,,
GPIO[10],Unknown,,,,,3.3-V LVTTL,,,,
GPIO[9],Unknown,,,,,3.3-V LVTTL,,,,
GPIO[8],Unknown,,,,,3.3-V LVTTL,,,,
GPIO[7],Unknown,,,,,3.3-V LVTTL,,,,
GPIO[6],Unknown,,,,,3.3-V LVTTL,,,,
GPIO[5],Unknown,,,,,3.3-V LVTTL,,,,
GPIO[4],Unknown,,,,,3.3-V LVTTL,,,,
GPIO[3],Unknown,,,,,3.3-V LVTTL,,,,
GPIO[2],Unknown,,,,,3.3-V LVTTL,,,,
GPIO[1],Unknown,,,,,3.3-V LVTTL,,,,
GPIO[0],Unknown,,,,,3.3-V LVTTL,,,,
HEX0[6],Unknown,,,,,2.5 V,,,,
HEX0[5],Unknown,,,,,2.5 V,,,,
HEX0[4],Unknown,,,,,2.5 V,,,,
HEX0[3],Unknown,,,,,2.5 V,,,,
HEX0[2],Unknown,,,,,2.5 V,,,,
HEX0[1],Unknown,,,,,2.5 V,,,,
HEX0[0],Unknown,,,,,2.5 V,,,,
HEX1[6],Unknown,,,,,2.5 V,,,,
HEX1[5],Unknown,,,,,2.5 V,,,,
HEX1[4],Unknown,,,,,2.5 V,,,,
HEX1[3],Unknown,,,,,2.5 V,,,,
HEX1[2],Unknown,,,,,2.5 V,,,,
HEX1[1],Unknown,,,,,2.5 V,,,,
HEX1[0],Unknown,,,,,2.5 V,,,,
HEX2[6],Unknown,,,,,2.5 V,,,,
HEX2[5],Unknown,,,,,2.5 V,,,,
HEX2[4],Unknown,,,,,2.5 V,,,,
HEX2[3],Unknown,,,,,2.5 V,,,,
HEX2[2],Unknown,,,,,2.5 V,,,,
HEX2[1],Unknown,,,,,2.5 V,,,,
HEX2[0],Unknown,,,,,2.5 V,,,,
HEX3[6],Unknown,,,,,3.3-V LVTTL,,,,
HEX3[5],Unknown,,,,,3.3-V LVTTL,,,,
HEX3[4],Unknown,,,,,3.3-V LVTTL,,,,
HEX3[3],Unknown,,,,,3.3-V LVTTL,,,,
HEX3[2],Unknown,,,,,3.3-V LVTTL,,,,
HEX3[1],Unknown,,,,,2.5 V,,,,
HEX3[0],Unknown,,,,,2.5 V,,,,
HEX4[6],Unknown,,,,,3.3-V LVTTL,,,,
HEX4[5],Unknown,,,,,3.3-V LVTTL,,,,
HEX4[4],Unknown,,,,,3.3-V LVTTL,,,,
HEX4[3],Unknown,,,,,3.3-V LVTTL,,,,
HEX4[2],Unknown,,,,,3.3-V LVTTL,,,,
HEX4[1],Unknown,,,,,3.3-V LVTTL,,,,
HEX4[0],Unknown,,,,,3.3-V LVTTL,,,,
HEX5[6],Unknown,,,,,3.3-V LVTTL,,,,
HEX5[5],Unknown,,,,,3.3-V LVTTL,,,,
HEX5[4],Unknown,,,,,3.3-V LVTTL,,,,
HEX5[3],Unknown,,,,,3.3-V LVTTL,,,,
HEX5[2],Unknown,,,,,3.3-V LVTTL,,,,
HEX5[1],Unknown,,,,,3.3-V LVTTL,,,,
HEX5[0],Unknown,,,,,3.3-V LVTTL,,,,
HEX6[6],Unknown,,,,,3.3-V LVTTL,,,,
HEX6[5],Unknown,,,,,3.3-V LVTTL,,,,
HEX6[4],Unknown,,,,,3.3-V LVTTL,,,,
HEX6[3],Unknown,,,,,3.3-V LVTTL,,,,
HEX6[2],Unknown,,,,,3.3-V LVTTL,,,,
HEX6[1],Unknown,,,,,3.3-V LVTTL,,,,
HEX6[0],Unknown,,,,,3.3-V LVTTL,,,,
HEX7[6],Unknown,,,,,3.3-V LVTTL,,,,
HEX7[5],Unknown,,,,,3.3-V LVTTL,,,,
HEX7[4],Unknown,,,,,3.3-V LVTTL,,,,
HEX7[3],Unknown,,,,,3.3-V LVTTL,,,,
HEX7[2],Unknown,,,,,3.3-V LVTTL,,,,
HEX7[1],Unknown,,,,,3.3-V LVTTL,,,,
HEX7[0],Unknown,,,,,3.3-V LVTTL,,,,
HSMC_CLKIN0,Unknown,,,,,3.0-V LVTTL,,,,
HSMC_CLKIN_P1,Unknown,,,,,LVDS,,,,HSMC_CLKIN_P1(n)
HSMC_CLKIN_P1(n),Unknown,,,,,LVDS,,,,HSMC_CLKIN_P1
HSMC_CLKIN_P2,Unknown,,,,,LVDS,,,,HSMC_CLKIN_P2(n)
HSMC_CLKIN_P2(n),Unknown,,,,,LVDS,,,,HSMC_CLKIN_P2
HSMC_CLKOUT0,Unknown,,,,,2.5 V,,,,
HSMC_CLKOUT_P1,Unknown,,,,,LVDS,,,,HSMC_CLKOUT_P1(n)
HSMC_CLKOUT_P1(n),Unknown,,,,,LVDS,,,,HSMC_CLKOUT_P1
HSMC_CLKOUT_P2,Unknown,,,,,LVDS,,,,HSMC_CLKOUT_P2(n)
HSMC_CLKOUT_P2(n),Unknown,,,,,LVDS,,,,HSMC_CLKOUT_P2
HSMC_D[3],Unknown,,,,,2.5 V,,,,
HSMC_D[2],Unknown,,,,,2.5 V,,,,
HSMC_D[1],Unknown,,,,,2.5 V,,,,
HSMC_D[0],Unknown,,,,,2.5 V,,,,
HSMC_RX_D_P[16],Unknown,,,,,LVDS,,,,HSMC_RX_D_P[16](n)
HSMC_RX_D_P[16](n),Unknown,,,,,LVDS,,,,HSMC_RX_D_P[16]
HSMC_RX_D_P[15],Unknown,,,,,LVDS,,,,HSMC_RX_D_P[15](n)
HSMC_RX_D_P[15](n),Unknown,,,,,LVDS,,,,HSMC_RX_D_P[15]
HSMC_RX_D_P[14],Unknown,,,,,LVDS,,,,HSMC_RX_D_P[14](n)
HSMC_RX_D_P[14](n),Unknown,,,,,LVDS,,,,HSMC_RX_D_P[14]
HSMC_RX_D_P[13],Unknown,,,,,LVDS,,,,HSMC_RX_D_P[13](n)
HSMC_RX_D_P[13](n),Unknown,,,,,LVDS,,,,HSMC_RX_D_P[13]
HSMC_RX_D_P[12],Unknown,,,,,LVDS,,,,HSMC_RX_D_P[12](n)
HSMC_RX_D_P[12](n),Unknown,,,,,LVDS,,,,HSMC_RX_D_P[12]
HSMC_RX_D_P[11],Unknown,,,,,LVDS,,,,HSMC_RX_D_P[11](n)
HSMC_RX_D_P[11](n),Unknown,,,,,LVDS,,,,HSMC_RX_D_P[11]
HSMC_RX_D_P[10],Unknown,,,,,LVDS,,,,HSMC_RX_D_P[10](n)
HSMC_RX_D_P[10](n),Unknown,,,,,LVDS,,,,HSMC_RX_D_P[10]
HSMC_RX_D_P[9],Unknown,,,,,LVDS,,,,HSMC_RX_D_P[9](n)
HSMC_RX_D_P[9](n),Unknown,,,,,LVDS,,,,HSMC_RX_D_P[9]
HSMC_RX_D_P[8],Unknown,,,,,LVDS,,,,HSMC_RX_D_P[8](n)
HSMC_RX_D_P[8](n),Unknown,,,,,LVDS,,,,HSMC_RX_D_P[8]
HSMC_RX_D_P[7],Unknown,,,,,LVDS,,,,HSMC_RX_D_P[7](n)
HSMC_RX_D_P[7](n),Unknown,,,,,LVDS,,,,HSMC_RX_D_P[7]
HSMC_RX_D_P[6],Unknown,,,,,LVDS,,,,HSMC_RX_D_P[6](n)
HSMC_RX_D_P[6](n),Unknown,,,,,LVDS,,,,HSMC_RX_D_P[6]
HSMC_RX_D_P[5],Unknown,,,,,LVDS,,,,HSMC_RX_D_P[5](n)
HSMC_RX_D_P[5](n),Unknown,,,,,LVDS,,,,HSMC_RX_D_P[5]
HSMC_RX_D_P[4],Unknown,,,,,LVDS,,,,HSMC_RX_D_P[4](n)
HSMC_RX_D_P[4](n),Unknown,,,,,LVDS,,,,HSMC_RX_D_P[4]
HSMC_RX_D_P[3],Unknown,,,,,LVDS,,,,HSMC_RX_D_P[3](n)
HSMC_RX_D_P[3](n),Unknown,,,,,LVDS,,,,HSMC_RX_D_P[3]
HSMC_RX_D_P[2],Unknown,,,,,LVDS,,,,HSMC_RX_D_P[2](n)
HSMC_RX_D_P[2](n),Unknown,,,,,LVDS,,,,HSMC_RX_D_P[2]
HSMC_RX_D_P[1],Unknown,,,,,LVDS,,,,HSMC_RX_D_P[1](n)
HSMC_RX_D_P[1](n),Unknown,,,,,LVDS,,,,HSMC_RX_D_P[1]
HSMC_RX_D_P[0],Unknown,,,,,LVDS,,,,HSMC_RX_D_P[0](n)
HSMC_RX_D_P[0](n),Unknown,,,,,LVDS,,,,HSMC_RX_D_P[0]
HSMC_TX_D_P[16],Unknown,,,,,LVDS,,,,HSMC_TX_D_P[16](n)
HSMC_TX_D_P[16](n),Unknown,,,,,LVDS,,,,HSMC_TX_D_P[16]
HSMC_TX_D_P[15],Unknown,,,,,LVDS,,,,HSMC_TX_D_P[15](n)
HSMC_TX_D_P[15](n),Unknown,,,,,LVDS,,,,HSMC_TX_D_P[15]
HSMC_TX_D_P[14],Unknown,,,,,LVDS,,,,HSMC_TX_D_P[14](n)
HSMC_TX_D_P[14](n),Unknown,,,,,LVDS,,,,HSMC_TX_D_P[14]
HSMC_TX_D_P[13],Unknown,,,,,LVDS,,,,HSMC_TX_D_P[13](n)
HSMC_TX_D_P[13](n),Unknown,,,,,LVDS,,,,HSMC_TX_D_P[13]
HSMC_TX_D_P[12],Unknown,,,,,LVDS,,,,HSMC_TX_D_P[12](n)
HSMC_TX_D_P[12](n),Unknown,,,,,LVDS,,,,HSMC_TX_D_P[12]
HSMC_TX_D_P[11],Unknown,,,,,LVDS,,,,HSMC_TX_D_P[11](n)
HSMC_TX_D_P[11](n),Unknown,,,,,LVDS,,,,HSMC_TX_D_P[11]
HSMC_TX_D_P[10],Unknown,,,,,LVDS,,,,HSMC_TX_D_P[10](n)
HSMC_TX_D_P[10](n),Unknown,,,,,LVDS,,,,HSMC_TX_D_P[10]
HSMC_TX_D_P[9],Unknown,,,,,LVDS,,,,HSMC_TX_D_P[9](n)
HSMC_TX_D_P[9](n),Unknown,,,,,LVDS,,,,HSMC_TX_D_P[9]
HSMC_TX_D_P[8],Unknown,,,,,LVDS,,,,HSMC_TX_D_P[8](n)
HSMC_TX_D_P[8](n),Unknown,,,,,LVDS,,,,HSMC_TX_D_P[8]
HSMC_TX_D_P[7],Unknown,,,,,LVDS,,,,HSMC_TX_D_P[7](n)
HSMC_TX_D_P[7](n),Unknown,,,,,LVDS,,,,HSMC_TX_D_P[7]
HSMC_TX_D_P[6],Unknown,,,,,3.3-V LVTTL,,,,
HSMC_TX_D_P[5],Unknown,,,,,3.3-V LVTTL,,,,
HSMC_TX_D_P[4],Unknown,,,,,3.3-V LVTTL,,,,
HSMC_TX_D_P[3],Unknown,,,,,3.3-V LVTTL,,,,
HSMC_TX_D_P[2],Unknown,,,,,3.3-V LVTTL,,,,
HSMC_TX_D_P[1],Unknown,,,,,3.3-V LVTTL,,,,
HSMC_TX_D_P[0],Unknown,,,,,3.3-V LVTTL,,,,
I2C_SCLK,Unknown,,,,,3.3-V LVTTL,,,,
I2C_SDAT,Unknown,,,,,3.3-V LVTTL,,,,
IRDA_RXD,Unknown,,,,,3.3-V LVTTL,,,,
KEY[3],Unknown,,,,,2.5 V,,,,
KEY[2],Unknown,,,,,2.5 V,,,,
KEY[1],Unknown,,,,,2.5 V,,,,
KEY[0],Unknown,,,,,2.5 V,,,,
LCD_BLON,Unknown,,,,,3.3-V LVTTL,,,,
LCD_DATA[7],Unknown,,,,,3.3-V LVTTL,,,,
LCD_DATA[6],Unknown,,,,,3.3-V LVTTL,,,,
LCD_DATA[5],Unknown,,,,,3.3-V LVTTL,,,,
LCD_DATA[4],Unknown,,,,,3.3-V LVTTL,,,,
LCD_DATA[3],Unknown,,,,,3.3-V LVTTL,,,,
LCD_DATA[2],Unknown,,,,,3.3-V LVTTL,,,,
LCD_DATA[1],Unknown,,,,,3.3-V LVTTL,,,,
LCD_DATA[0],Unknown,,,,,3.3-V LVTTL,,,,
LCD_EN,Unknown,,,,,3.3-V LVTTL,,,,
LCD_ON,Unknown,,,,,3.3-V LVTTL,,,,
LCD_RS,Unknown,,,,,3.3-V LVTTL,,,,
LCD_RW,Unknown,,,,,3.3-V LVTTL,,,,
LEDG[8],Unknown,,,,,2.5 V,,,,
LEDG[7],Unknown,,,,,2.5 V,,,,
LEDG[6],Unknown,,,,,2.5 V,,,,
LEDG[5],Unknown,,,,,2.5 V,,,,
LEDG[4],Unknown,,,,,2.5 V,,,,
LEDG[3],Unknown,,,,,2.5 V,,,,
LEDG[2],Unknown,,,,,2.5 V,,,,
LEDG[1],Unknown,,,,,2.5 V,,,,
LEDG[0],Unknown,,,,,2.5 V,,,,
LEDR[17],Unknown,,,,,2.5 V,,,,
LEDR[16],Unknown,,,,,2.5 V,,,,
LEDR[15],Unknown,,,,,2.5 V,,,,
LEDR[14],Unknown,,,,,2.5 V,,,,
LEDR[13],Unknown,,,,,2.5 V,,,,
LEDR[12],Unknown,,,,,2.5 V,,,,
LEDR[11],Unknown,,,,,2.5 V,,,,
LEDR[10],Unknown,,,,,2.5 V,,,,
LEDR[9],Unknown,,,,,2.5 V,,,,
LEDR[8],Unknown,,,,,2.5 V,,,,
LEDR[7],Unknown,,,,,2.5 V,,,,
LEDR[6],Unknown,,,,,2.5 V,,,,
LEDR[5],Unknown,,,,,2.5 V,,,,
LEDR[4],Unknown,,,,,2.5 V,,,,
LEDR[3],Unknown,,,,,2.5 V,,,,
LEDR[2],Unknown,,,,,2.5 V,,,,
LEDR[1],Unknown,,,,,2.5 V,,,,
LEDR[0],Unknown,,,,,2.5 V,,,,
OTG_ADDR[1],Unknown,,,,,3.3-V LVTTL,,,,
OTG_ADDR[0],Unknown,,,,,3.3-V LVTTL,,,,
OTG_CS_N,Unknown,,,,,3.3-V LVTTL,,,,
OTG_DACK_N[1],Unknown,,,,,3.3-V LVTTL,,,,
OTG_DACK_N[0],Unknown,,,,,3.3-V LVTTL,,,,
OTG_DATA[15],Unknown,,,,,3.3-V LVTTL,,,,
OTG_DATA[14],Unknown,,,,,3.3-V LVTTL,,,,
OTG_DATA[13],Unknown,,,,,3.3-V LVTTL,,,,
OTG_DATA[12],Unknown,,,,,3.3-V LVTTL,,,,
OTG_DATA[11],Unknown,,,,,3.3-V LVTTL,,,,
OTG_DATA[10],Unknown,,,,,3.3-V LVTTL,,,,
OTG_DATA[9],Unknown,,,,,3.3-V LVTTL,,,,
OTG_DATA[8],Unknown,,,,,3.3-V LVTTL,,,,
OTG_DATA[7],Unknown,,,,,3.3-V LVTTL,,,,
OTG_DATA[6],Unknown,,,,,3.3-V LVTTL,,,,
OTG_DATA[5],Unknown,,,,,3.3-V LVTTL,,,,
OTG_DATA[4],Unknown,,,,,3.3-V LVTTL,,,,
OTG_DATA[3],Unknown,,,,,3.3-V LVTTL,,,,
OTG_DATA[2],Unknown,,,,,3.3-V LVTTL,,,,
OTG_DATA[1],Unknown,,,,,3.3-V LVTTL,,,,
OTG_DATA[0],Unknown,,,,,3.3-V LVTTL,,,,
OTG_DREQ[1],Unknown,,,,,3.3-V LVTTL,,,,
OTG_DREQ[0],Unknown,,,,,3.3-V LVTTL,,,,
OTG_FSPEED,Unknown,,,,,3.3-V LVTTL,,,,
OTG_INT[1],Unknown,,,,,3.3-V LVTTL,,,,
OTG_INT[0],Unknown,,,,,3.3-V LVTTL,,,,
OTG_LSPEED,Unknown,,,,,3.3-V LVTTL,,,,
OTG_RD_N,Unknown,,,,,3.3-V LVTTL,,,,
OTG_RST_N,Unknown,,,,,3.3-V LVTTL,,,,
OTG_WR_N,Unknown,,,,,3.3-V LVTTL,,,,
PS2_CLK,Unknown,,,,,3.3-V LVTTL,,,,
PS2_CLK2,Unknown,,,,,3.3-V LVTTL,,,,
PS2_DAT,Unknown,,,,,3.3-V LVTTL,,,,
PS2_DAT2,Unknown,,,,,3.3-V LVTTL,,,,
SD_CLK,Unknown,,,,,3.3-V LVTTL,,,,
SD_CMD,Unknown,,,,,3.3-V LVTTL,,,,
SD_DAT[3],Unknown,,,,,3.3-V LVTTL,,,,
SD_DAT[2],Unknown,,,,,3.3-V LVTTL,,,,
SD_DAT[1],Unknown,,,,,3.3-V LVTTL,,,,
SD_DAT[0],Unknown,,,,,3.3-V LVTTL,,,,
SD_WP_N,Unknown,,,,,3.3-V LVTTL,,,,
SMA_CLKIN,Unknown,,,,,3.3-V LVTTL,,,,
SMA_CLKOUT,Unknown,,,,,3.3-V LVTTL,,,,
SRAM_ADDR[19],Unknown,,,,,3.3-V LVTTL,,,,
SRAM_ADDR[18],Unknown,,,,,3.3-V LVTTL,,,,
SRAM_ADDR[17],Unknown,,,,,3.3-V LVTTL,,,,
SRAM_ADDR[16],Unknown,,,,,3.3-V LVTTL,,,,
SRAM_ADDR[15],Unknown,,,,,3.3-V LVTTL,,,,
SRAM_ADDR[14],Unknown,,,,,3.3-V LVTTL,,,,
SRAM_ADDR[13],Unknown,,,,,3.3-V LVTTL,,,,
SRAM_ADDR[12],Unknown,,,,,3.3-V LVTTL,,,,
SRAM_ADDR[11],Unknown,,,,,3.3-V LVTTL,,,,
SRAM_ADDR[10],Unknown,,,,,3.3-V LVTTL,,,,
SRAM_ADDR[9],Unknown,,,,,3.3-V LVTTL,,,,
SRAM_ADDR[8],Unknown,,,,,3.3-V LVTTL,,,,
SRAM_ADDR[7],Unknown,,,,,3.3-V LVTTL,,,,
SRAM_ADDR[6],Unknown,,,,,3.3-V LVTTL,,,,
SRAM_ADDR[5],Unknown,,,,,3.3-V LVTTL,,,,
SRAM_ADDR[4],Unknown,,,,,3.3-V LVTTL,,,,
SRAM_ADDR[3],Unknown,,,,,3.3-V LVTTL,,,,
SRAM_ADDR[2],Unknown,,,,,3.3-V LVTTL,,,,
SRAM_ADDR[1],Unknown,,,,,3.3-V LVTTL,,,,
SRAM_ADDR[0],Unknown,,,,,3.3-V LVTTL,,,,
SRAM_CE_N,Unknown,,,,,3.3-V LVTTL,,,,
SRAM_DQ[15],Unknown,,,,,3.3-V LVTTL,,,,
SRAM_DQ[14],Unknown,,,,,3.3-V LVTTL,,,,
SRAM_DQ[13],Unknown,,,,,3.3-V LVTTL,,,,
SRAM_DQ[12],Unknown,,,,,3.3-V LVTTL,,,,
SRAM_DQ[11],Unknown,,,,,3.3-V LVTTL,,,,
SRAM_DQ[10],Unknown,,,,,3.3-V LVTTL,,,,
SRAM_DQ[9],Unknown,,,,,3.3-V LVTTL,,,,
SRAM_DQ[8],Unknown,,,,,3.3-V LVTTL,,,,
SRAM_DQ[7],Unknown,,,,,3.3-V LVTTL,,,,
SRAM_DQ[6],Unknown,,,,,3.3-V LVTTL,,,,
SRAM_DQ[5],Unknown,,,,,3.3-V LVTTL,,,,
SRAM_DQ[4],Unknown,,,,,3.3-V LVTTL,,,,
SRAM_DQ[3],Unknown,,,,,3.3-V LVTTL,,,,
SRAM_DQ[2],Unknown,,,,,3.3-V LVTTL,,,,
SRAM_DQ[1],Unknown,,,,,3.3-V LVTTL,,,,
SRAM_DQ[0],Unknown,,,,,3.3-V LVTTL,,,,
SRAM_LB_N,Unknown,,,,,3.3-V LVTTL,,,,
SRAM_OE_N,Unknown,,,,,3.3-V LVTTL,,,,
SRAM_UB_N,Unknown,,,,,3.3-V LVTTL,,,,
SRAM_WE_N,Unknown,,,,,3.3-V LVTTL,,,,
SW[17],Unknown,,,,,2.5 V,,,,
SW[16],Unknown,,,,,2.5 V,,,,
SW[15],Unknown,,,,,2.5 V,,,,
SW[14],Unknown,,,,,2.5 V,,,,
SW[13],Unknown,,,,,2.5 V,,,,
SW[12],Unknown,,,,,2.5 V,,,,
SW[11],Unknown,,,,,2.5 V,,,,
SW[10],Unknown,,,,,2.5 V,,,,
SW[9],Unknown,,,,,2.5 V,,,,
SW[8],Unknown,,,,,2.5 V,,,,
SW[7],Unknown,,,,,2.5 V,,,,
SW[6],Unknown,,,,,2.5 V,,,,
SW[5],Unknown,,,,,2.5 V,,,,
SW[4],Unknown,,,,,2.5 V,,,,
SW[3],Unknown,,,,,2.5 V,,,,
SW[2],Unknown,,,,,2.5 V,,,,
SW[1],Unknown,,,,,2.5 V,,,,
SW[0],Unknown,,,,,2.5 V,,,,
TD_CLK27,Unknown,,,,,3.3-V LVTTL,,,,
TD_DATA[7],Unknown,,,,,3.3-V LVTTL,,,,
TD_DATA[6],Unknown,,,,,3.3-V LVTTL,,,,
TD_DATA[5],Unknown,,,,,3.3-V LVTTL,,,,
TD_DATA[4],Unknown,,,,,3.3-V LVTTL,,,,
TD_DATA[3],Unknown,,,,,3.3-V LVTTL,,,,
TD_DATA[2],Unknown,,,,,3.3-V LVTTL,,,,
TD_DATA[1],Unknown,,,,,3.3-V LVTTL,,,,
TD_DATA[0],Unknown,,,,,3.3-V LVTTL,,,,
TD_HS,Unknown,,,,,3.3-V LVTTL,,,,
TD_RESET_N,Unknown,,,,,3.3-V LVTTL,,,,
TD_VS,Unknown,,,,,3.3-V LVTTL,,,,
UART_CTS,Unknown,,,,,3.3-V LVTTL,,,,
UART_RTS,Unknown,,,,,3.3-V LVTTL,,,,
UART_RXD,Unknown,,,,,3.3-V LVTTL,,,,
UART_TXD,Unknown,,,,,3.3-V LVTTL,,,,
VGA_B[7],Unknown,,,,,3.3-V LVTTL,,,,
VGA_B[6],Unknown,,,,,3.3-V LVTTL,,,,
VGA_B[5],Unknown,,,,,3.3-V LVTTL,,,,
VGA_B[4],Unknown,,,,,3.3-V LVTTL,,,,
VGA_B[3],Unknown,,,,,3.3-V LVTTL,,,,
VGA_B[2],Unknown,,,,,3.3-V LVTTL,,,,
VGA_B[1],Unknown,,,,,3.3-V LVTTL,,,,
VGA_B[0],Unknown,,,,,3.3-V LVTTL,,,,
VGA_BLANK_N,Unknown,,,,,3.3-V LVTTL,,,,
VGA_CLK,Unknown,,,,,3.3-V LVTTL,,,,
VGA_G[7],Unknown,,,,,3.3-V LVTTL,,,,
VGA_G[6],Unknown,,,,,3.3-V LVTTL,,,,
VGA_G[5],Unknown,,,,,3.3-V LVTTL,,,,
VGA_G[4],Unknown,,,,,3.3-V LVTTL,,,,
VGA_G[3],Unknown,,,,,3.3-V LVTTL,,,,
VGA_G[2],Unknown,,,,,3.3-V LVTTL,,,,
VGA_G[1],Unknown,,,,,3.3-V LVTTL,,,,
VGA_G[0],Unknown,,,,,3.3-V LVTTL,,,,
VGA_HS,Unknown,,,,,3.3-V LVTTL,,,,
VGA_R[7],Unknown,,,,,3.3-V LVTTL,,,,
VGA_R[6],Unknown,,,,,3.3-V LVTTL,,,,
VGA_R[5],Unknown,,,,,3.3-V LVTTL,,,,
VGA_R[4],Unknown,,,,,3.3-V LVTTL,,,,
VGA_R[3],Unknown,,,,,3.3-V LVTTL,,,,
VGA_R[2],Unknown,,,,,3.3-V LVTTL,,,,
VGA_R[1],Unknown,,,,,3.3-V LVTTL,,,,
VGA_R[0],Unknown,,,,,3.3-V LVTTL,,,,
VGA_SYNC_N,Unknown,,,,,3.3-V LVTTL,,,,
VGA_VS,Unknown,,,,,3.3-V LVTTL,,,,
HSMC_CLKIN_N1,Unknown,,,,,LVDS,,,,HSMC_CLKIN_N1(n)
HSMC_CLKIN_N1(n),Unknown,,,,,LVDS,,,,HSMC_CLKIN_N1
HSMC_CLKIN_N2,Unknown,,,,,LVDS,,,,HSMC_CLKIN_N2(n)
HSMC_CLKIN_N2(n),Unknown,,,,,LVDS,,,,HSMC_CLKIN_N2
HSMC_TX_D_N[0],Unknown,,,,,3.3-V LVTTL,,,,
HSMC_RX_D_N[0],Unknown,,,,,LVDS,,,,HSMC_RX_D_N[0](n)
HSMC_RX_D_N[0](n),Unknown,,,,,LVDS,,,,HSMC_RX_D_N[0]
HSMC_RX_D_N[1],Unknown,,,,,LVDS,,,,HSMC_RX_D_N[1](n)
HSMC_RX_D_N[1](n),Unknown,,,,,LVDS,,,,HSMC_RX_D_N[1]
HSMC_TX_D_N[1],Unknown,,,,,3.3-V LVTTL,,,,
HSMC_TX_D_N[2],Unknown,,,,,3.3-V LVTTL,,,,
HSMC_RX_D_N[2],Unknown,,,,,LVDS,,,,HSMC_RX_D_N[2](n)
HSMC_RX_D_N[2](n),Unknown,,,,,LVDS,,,,HSMC_RX_D_N[2]
HSMC_TX_D_N[3],Unknown,,,,,3.3-V LVTTL,,,,
HSMC_RX_D_N[3],Unknown,,,,,LVDS,,,,HSMC_RX_D_N[3](n)
HSMC_RX_D_N[3](n),Unknown,,,,,LVDS,,,,HSMC_RX_D_N[3]
HSMC_TX_D_N[4],Unknown,,,,,3.3-V LVTTL,,,,
HSMC_RX_D_N[4],Unknown,,,,,LVDS,,,,HSMC_RX_D_N[4](n)
HSMC_RX_D_N[4](n),Unknown,,,,,LVDS,,,,HSMC_RX_D_N[4]
HSMC_TX_D_N[5],Unknown,,,,,3.3-V LVTTL,,,,
HSMC_RX_D_N[5],Unknown,,,,,LVDS,,,,HSMC_RX_D_N[5](n)
HSMC_RX_D_N[5](n),Unknown,,,,,LVDS,,,,HSMC_RX_D_N[5]
HSMC_TX_D_N[6],Unknown,,,,,3.3-V LVTTL,,,,
HSMC_RX_D_N[6],Unknown,,,,,LVDS,,,,HSMC_RX_D_N[6](n)
HSMC_RX_D_N[6](n),Unknown,,,,,LVDS,,,,HSMC_RX_D_N[6]
HSMC_TX_D_N[7],Unknown,,,,,LVDS,,,,HSMC_TX_D_N[7](n)
HSMC_TX_D_N[7](n),Unknown,,,,,LVDS,,,,HSMC_TX_D_N[7]
HSMC_RX_D_N[7],Unknown,,,,,LVDS,,,,HSMC_RX_D_N[7](n)
HSMC_RX_D_N[7](n),Unknown,,,,,LVDS,,,,HSMC_RX_D_N[7]
HSMC_TX_D_N[8],Unknown,,,,,LVDS,,,,HSMC_TX_D_N[8](n)
HSMC_TX_D_N[8](n),Unknown,,,,,LVDS,,,,HSMC_TX_D_N[8]
HSMC_RX_D_N[8],Unknown,,,,,LVDS,,,,HSMC_RX_D_N[8](n)
HSMC_RX_D_N[8](n),Unknown,,,,,LVDS,,,,HSMC_RX_D_N[8]
HSMC_TX_D_N[9],Unknown,,,,,LVDS,,,,HSMC_TX_D_N[9](n)
HSMC_TX_D_N[9](n),Unknown,,,,,LVDS,,,,HSMC_TX_D_N[9]
HSMC_RX_D_N[9],Unknown,,,,,LVDS,,,,HSMC_RX_D_N[9](n)
HSMC_RX_D_N[9](n),Unknown,,,,,LVDS,,,,HSMC_RX_D_N[9]
HSMC_TX_D_N[10],Unknown,,,,,LVDS,,,,HSMC_TX_D_N[10](n)
HSMC_TX_D_N[10](n),Unknown,,,,,LVDS,,,,HSMC_TX_D_N[10]
HSMC_RX_D_N[10],Unknown,,,,,LVDS,,,,HSMC_RX_D_N[10](n)
HSMC_RX_D_N[10](n),Unknown,,,,,LVDS,,,,HSMC_RX_D_N[10]
HSMC_TX_D_N[11],Unknown,,,,,LVDS,,,,HSMC_TX_D_N[11](n)
HSMC_TX_D_N[11](n),Unknown,,,,,LVDS,,,,HSMC_TX_D_N[11]
HSMC_RX_D_N[11],Unknown,,,,,LVDS,,,,HSMC_RX_D_N[11](n)
HSMC_RX_D_N[11](n),Unknown,,,,,LVDS,,,,HSMC_RX_D_N[11]
HSMC_TX_D_N[12],Unknown,,,,,LVDS,,,,HSMC_TX_D_N[12](n)
HSMC_TX_D_N[12](n),Unknown,,,,,LVDS,,,,HSMC_TX_D_N[12]
HSMC_RX_D_N[12],Unknown,,,,,LVDS,,,,HSMC_RX_D_N[12](n)
HSMC_RX_D_N[12](n),Unknown,,,,,LVDS,,,,HSMC_RX_D_N[12]
HSMC_TX_D_N[13],Unknown,,,,,LVDS,,,,HSMC_TX_D_N[13](n)
HSMC_TX_D_N[13](n),Unknown,,,,,LVDS,,,,HSMC_TX_D_N[13]
HSMC_RX_D_N[13],Unknown,,,,,LVDS,,,,HSMC_RX_D_N[13](n)
HSMC_RX_D_N[13](n),Unknown,,,,,LVDS,,,,HSMC_RX_D_N[13]
HSMC_TX_D_N[14],Unknown,,,,,LVDS,,,,HSMC_TX_D_N[14](n)
HSMC_TX_D_N[14](n),Unknown,,,,,LVDS,,,,HSMC_TX_D_N[14]
HSMC_RX_D_N[14],Unknown,,,,,LVDS,,,,HSMC_RX_D_N[14](n)
HSMC_RX_D_N[14](n),Unknown,,,,,LVDS,,,,HSMC_RX_D_N[14]
HSMC_TX_D_N[15],Unknown,,,,,LVDS,,,,HSMC_TX_D_N[15](n)
HSMC_TX_D_N[15](n),Unknown,,,,,LVDS,,,,HSMC_TX_D_N[15]
HSMC_RX_D_N[15],Unknown,,,,,LVDS,,,,HSMC_RX_D_N[15](n)
HSMC_RX_D_N[15](n),Unknown,,,,,LVDS,,,,HSMC_RX_D_N[15]
HSMC_TX_D_N[16],Unknown,,,,,LVDS,,,,HSMC_TX_D_N[16](n)
HSMC_TX_D_N[16](n),Unknown,,,,,LVDS,,,,HSMC_TX_D_N[16]
HSMC_RX_D_N[16],Unknown,,,,,LVDS,,,,HSMC_RX_D_N[16](n)
HSMC_RX_D_N[16](n),Unknown,,,,,LVDS,,,,HSMC_RX_D_N[16]
HSMC_CLKOUT_N2,Unknown,,,,,LVDS,,,,HSMC_CLKOUT_N2(n)
HSMC_CLKOUT_N2(n),Unknown,,,,,LVDS,,,,HSMC_CLKOUT_N2
HSMC_CLKOUT_N1,Unknown,,,,,LVDS,,,,HSMC_CLKOUT_N1(n)
HSMC_CLKOUT_N1(n),Unknown,,,,,LVDS,,,,HSMC_CLKOUT_N1
