<?xml version="1.0" ?>
<LOG_ROOT>
	<PROJECT NAME="Pulse_Shaping_Filter">
		<CBX_INST_ENTRY INSTANCE_NAME="|Pulse_Shaping_Filter|lpm_add_sub:Add13" CBX_FILE_NAME="add_sub_aui.tdf"/>
		<CBX_INST_ENTRY INSTANCE_NAME="|Pulse_Shaping_Filter|lpm_add_sub:Add17" CBX_FILE_NAME="add_sub_mvi.tdf"/>
		<CBX_INST_ENTRY INSTANCE_NAME="|Pulse_Shaping_Filter|lpm_add_sub:Add31" CBX_FILE_NAME="add_sub_cui.tdf"/>
		<CBX_INST_ENTRY INSTANCE_NAME="|Pulse_Shaping_Filter|lpm_add_sub:Add8" CBX_FILE_NAME="add_sub_8ui.tdf"/>
		<CBX_INST_ENTRY INSTANCE_NAME="|Pulse_Shaping_Filter|lpm_add_sub:Add10" CBX_FILE_NAME="add_sub_9ui.tdf"/>
		<CBX_INST_ENTRY INSTANCE_NAME="|Pulse_Shaping_Filter|lpm_add_sub:Add27" CBX_FILE_NAME="add_sub_aui.tdf"/>
		<CBX_INST_ENTRY INSTANCE_NAME="|Pulse_Shaping_Filter|lpm_add_sub:Add29" CBX_FILE_NAME="add_sub_bui.tdf"/>
		<CBX_INST_ENTRY INSTANCE_NAME="|Pulse_Shaping_Filter|lpm_add_sub:Add15" CBX_FILE_NAME="add_sub_cui.tdf"/>
		<CBX_INST_ENTRY INSTANCE_NAME="|Pulse_Shaping_Filter|lpm_add_sub:Add20" CBX_FILE_NAME="add_sub_pvi.tdf"/>
		<CBX_INST_ENTRY INSTANCE_NAME="|Pulse_Shaping_Filter|lpm_add_sub:Add24" CBX_FILE_NAME="add_sub_qvi.tdf"/>
	</PROJECT>
</LOG_ROOT>
